{"stats":{"minecraft:picked_up":{"gobber2:gobber2_helmet":1},"minecraft:custom":{"minecraft:time_since_rest":12330,"minecraft:play_one_minute":12330,"minecraft:crouch_one_cm":78,"minecraft:sprint_one_cm":1479,"minecraft:walk_one_cm":15781,"minecraft:sneak_time":71,"minecraft:drop":1,"minecraft:jump":31,"minecraft:leave_game":3,"minecraft:time_since_death":12330,"minecraft:fall_one_cm":418,"minecraft:fly_one_cm":108157},"minecraft:dropped":{"gobber2:gobber2_helmet":1},"minecraft:used":{"decocraft:planet_of_the_apes":1,"decocraft:roundabout_rainbow":1,"decocraft:dollhouse":2,"decocraft:multigym":1,"decocraft:diving_board":2,"minecraft:grass_block":1,"decocraft:wooden_blocks_3":1,"decocraft:crayon_box":1,"decocraft:spring_horse_yellow":1,"decocraft:tire_fence_yellow":1,"decocraft:pet_carrier":2,"decocraft:sandbox":2}},"DataVersion":2586}