{
  "mca:recipes/building_blocks/headstones": {
    "criteria": {
      "has_ingredients": "2024-07-30 21:46:16 +0000"
    },
    "done": true
  },
  "sophisticatedbackpacks:recipes/sophisticatedbackpacks/blasting_upgrade": {
    "criteria": {
      "has_upgrade_base": "2024-07-30 21:46:16 +0000"
    },
    "done": true
  },
  "mcwlights:recipes/glowstone_slab": {
    "criteria": {
      "has_wood": "2024-07-30 21:46:16 +0000"
    },
    "done": true
  },
  "mca:recipes/misc/potions": {
    "criteria": {
      "has_item": "2024-07-30 21:46:16 +0000"
    },
    "done": true
  },
  "sophisticatedbackpacks:recipes/sophisticatedbackpacks/auto_smoking_upgrade": {
    "criteria": {
      "has_smoking_upgrade": "2024-07-30 21:46:16 +0000"
    },
    "done": true
  },
  "sophisticatedbackpacks:recipes/sophisticatedbackpacks/auto_smoking_upgrade_from_auto_smelting_upgrade": {
    "criteria": {
      "has_auto_smelting_upgrade": "2024-07-30 21:46:16 +0000"
    },
    "done": true
  },
  "mca:recipes/building_blocks/rose_gold_block": {
    "criteria": {
      "has_item": "2024-07-30 21:46:16 +0000"
    },
    "done": true
  },
  "dungeons_arise:wda_root": {
    "criteria": {
      "WDA": "2024-07-30 21:46:16 +0000"
    },
    "done": true
  },
  "mcwtrpdoors:recipes/print_blossom": {
    "criteria": {
      "has_logs": "2024-07-30 21:46:16 +0000"
    },
    "done": true
  },
  "mcwtrpdoors:recipes/birch_blossom_trapdoor": {
    "criteria": {
      "has_plankss": "2024-07-30 21:46:16 +0000"
    },
    "done": true
  },
  "mcwlights:recipes/lava_lamp": {
    "criteria": {
      "has_planks": "2024-07-30 21:46:16 +0000"
    },
    "done": true
  },
  "mca:recipes/misc/needle_and_thread": {
    "criteria": {
      "has_item": "2024-07-30 21:46:16 +0000"
    },
    "done": true
  },
  "mcwtrpdoors:recipes/spruce_blossom_trapdoor": {
    "criteria": {
      "has_plankss": "2024-07-30 21:46:16 +0000"
    },
    "done": true
  },
  "sophisticatedbackpacks:recipes/sophisticatedbackpacks/auto_blasting_upgrade": {
    "criteria": {
      "has_blasting_upgrade": "2024-07-30 21:46:16 +0000"
    },
    "done": true
  },
  "sophisticatedbackpacks:recipes/sophisticatedbackpacks/blasting_upgrade_from_smelting_upgrade": {
    "criteria": {
      "has_smelting_upgrade": "2024-07-30 21:46:16 +0000"
    },
    "done": true
  },
  "mca:recipes/misc/comb": {
    "criteria": {
      "has_item": "2024-07-30 21:46:16 +0000"
    },
    "done": true
  },
  "mcwtrpdoors:recipes/warped_blossom_trapdoor": {
    "criteria": {
      "has_plankss": "2024-07-30 21:46:16 +0000"
    },
    "done": true
  },
  "mcwlights:recipes/sea_lantern_slab": {
    "criteria": {
      "has_wood": "2024-07-30 21:46:16 +0000"
    },
    "done": true
  },
  "mca:recipes/misc/rose_gold_ingot_blasting": {
    "criteria": {
      "has_item": "2024-07-30 21:46:16 +0000"
    },
    "done": true
  },
  "mcwtrpdoors:recipes/acacia_blossom_trapdoor": {
    "criteria": {
      "has_plankss": "2024-07-30 21:46:16 +0000"
    },
    "done": true
  },
  "mcwlights:recipes/torches": {
    "criteria": {
      "has_wood": "2024-07-30 21:46:16 +0000"
    },
    "done": true
  },
  "mca:recipes/misc/family_tree": {
    "criteria": {
      "has_item": "2024-07-30 21:46:16 +0000"
    },
    "done": true
  },
  "minecraft:adventure/adventuring_time": {
    "criteria": {
      "minecraft:forest": "2024-08-01 19:40:43 +0000",
      "minecraft:taiga": "2024-08-01 19:40:49 +0000",
      "minecraft:taiga_hills": "2024-08-01 19:40:46 +0000",
      "minecraft:river": "2024-08-01 19:40:50 +0000",
      "minecraft:plains": "2024-07-30 21:46:16 +0000"
    },
    "done": false
  },
  "mca:root": {
    "criteria": {
      "village_taiga": "2024-07-30 21:46:16 +0000",
      "village_savanna": "2024-07-30 21:46:16 +0000",
      "village_snowy": "2024-07-30 21:46:16 +0000",
      "village_desert": "2024-07-30 21:46:16 +0000",
      "village_plains": "2024-07-30 21:46:16 +0000"
    },
    "done": true
  },
  "mcwlights:recipes/garden_light": {
    "criteria": {
      "has_planks": "2024-07-30 21:46:16 +0000"
    },
    "done": true
  },
  "mcwtrpdoors:recipes/crimson_blossom_trapdoor": {
    "criteria": {
      "has_planks": "2024-07-30 21:46:16 +0000"
    },
    "done": true
  },
  "mcwlights:recipes/shroomlight_slab": {
    "criteria": {
      "has_wood": "2024-07-30 21:46:16 +0000"
    },
    "done": true
  },
  "mcwtrpdoors:recipes/jungle_blossom_trapdoor": {
    "criteria": {
      "has_plankss": "2024-07-30 21:46:16 +0000"
    },
    "done": true
  },
  "sophisticatedbackpacks:recipes/sophisticatedbackpacks/smoking_upgrade_from_smelting_upgrade": {
    "criteria": {
      "has_smelting_upgrade": "2024-07-30 21:46:16 +0000"
    },
    "done": true
  },
  "mcwtrpdoors:recipes/dark_oak_blossom_trapdoor": {
    "criteria": {
      "has_plankss": "2024-07-30 21:46:16 +0000"
    },
    "done": true
  },
  "minecraft:recipes/decorations/chest": {
    "criteria": {
      "has_lots_of_items": "2024-08-01 14:16:07 +0000"
    },
    "done": true
  },
  "mca:recipes/misc/books": {
    "criteria": {
      "has_item": "2024-07-30 21:46:16 +0000"
    },
    "done": true
  },
  "mca:recipes/misc/rose_gold_ingot_smelting": {
    "criteria": {
      "has_item": "2024-07-30 21:46:16 +0000"
    },
    "done": true
  },
  "mcwtrpdoors:recipes/bamboo_blossom_trapdoor": {
    "criteria": {
      "has_plankss": "2024-07-30 21:46:16 +0000"
    },
    "done": true
  },
  "mca:recipes/misc/blueprint": {
    "criteria": {
      "has_item": "2024-07-30 21:46:16 +0000"
    },
    "done": true
  },
  "mcwtrpdoors:recipes/oak_blossom_trapdoor": {
    "criteria": {
      "has_plankss": "2024-07-30 21:46:16 +0000"
    },
    "done": true
  },
  "enchantinginfuser:recipes/decorations/advanced_enchanting_infuser": {
    "criteria": {
      "has_netherite_ingot": "2024-07-30 21:46:16 +0000",
      "has_crying_obsidian": "2024-07-30 21:46:16 +0000",
      "has_the_recipe": "2024-07-30 21:46:16 +0000"
    },
    "done": true
  },
  "mca:recipes/misc/whistle": {
    "criteria": {
      "has_item": "2024-07-30 21:46:16 +0000"
    },
    "done": true
  },
  "mca:recipes/misc/rose_gold_ingot": {
    "criteria": {
      "has_item": "2024-07-30 21:46:16 +0000"
    },
    "done": true
  },
  "sophisticatedbackpacks:recipes/sophisticatedbackpacks/smoking_upgrade": {
    "criteria": {
      "has_upgrade_base": "2024-07-30 21:46:16 +0000"
    },
    "done": true
  },
  "mcwlights:recipes/redstone_slab": {
    "criteria": {
      "has_wood": "2024-07-30 21:46:16 +0000"
    },
    "done": true
  },
  "sophisticatedbackpacks:recipes/sophisticatedbackpacks/auto_blasting_upgrade_from_auto_smelting_upgrade": {
    "criteria": {
      "has_auto_smelting_upgrade": "2024-07-30 21:46:16 +0000"
    },
    "done": true
  },
  "mca:recipes/misc/staff_of_life": {
    "criteria": {
      "has_item": "2024-07-30 21:46:16 +0000"
    },
    "done": true
  },
  "enchantinginfuser:recipes/decorations/enchanting_infuser": {
    "criteria": {
      "has_amethyst_shard": "2024-07-30 21:46:16 +0000",
      "has_crying_obsidian": "2024-07-30 21:46:16 +0000"
    },
    "done": true
  },
  "DataVersion": 2586
}